year,geography_type,geography_id,geography_name,taz_id,CO_TAZID,CO_FIPS,CO_NAME,CITY_FIPS,CITY_NAME,DISTLRG,DLRG_NAME,DISTMED,DMED_NAME,DISTSML,DSML_NAME,TOTHH,HHPOP,HHSIZE,TOTEMP,RETEMP,INDEMP,OTHEMP,ALLEMP,RETL,FOOD,MANU,WSLE,OFFI,GVED,HLTH,OTHR,FM_AGRI,FM_MING,FM_CONS,HBJ
2023,county,11,DAVIS,,,11,DAVIS,,,,,,,,,122330.0,374973.996,3.065,199915.0,33850.0,27919.0,138146.0,221481.003,21699.0,12151.0,14214.0,13705.0,19518.0,43114.0,18350.0,57164.0,872.014,339.0,14990.003,5364.968
2024,county,11,DAVIS,,,11,DAVIS,,,,,,,,,124068.0,376124.994,3.032,200891.0,33713.0,28029.0,139149.0,222595.999,21538.0,12175.0,14638.0,13391.0,19203.0,44683.0,18681.0,56582.0,873.015,408.0,15105.014000000001,5319.005
2025,county,11,DAVIS,,,11,DAVIS,,,,,,,,,126420.0,379020.005,2.998,203147.0,33595.0,28428.0,141124.0,225657.003,21494.0,12101.0,14808.0,13620.0,19361.0,45218.0,19393.0,57152.0,868.998,404.0,15350.994999999999,5885.997
2026,county,11,DAVIS,,,11,DAVIS,,,,,,,,,128740.0,381539.007,2.964,203895.0,33389.0,28507.0,141999.0,226658.001,21294.0,12095.0,14833.0,13674.0,19155.0,45315.0,19934.0,57595.0,868.014,414.0,15480.999,6000.001
2027,county,11,DAVIS,,,11,DAVIS,,,,,,,,,131091.0,383946.0,2.929,204916.0,33403.0,28638.0,142875.0,227974.003,21362.0,12041.0,14872.0,13766.0,18971.0,45393.0,20419.0,58092.0,864.002,419.0,15658.005,6117.002
2028,county,11,DAVIS,,,11,DAVIS,,,,,,,,,133497.0,386393.99199999997,2.894,205594.0,33253.0,28647.0,143694.0,228972.001,21298.0,11955.0,14906.0,13741.0,18928.0,45353.0,20743.0,58670.0,856.998,400.0,15892.002,6228.991
2029,county,11,DAVIS,,,11,DAVIS,,,,,,,,,135972.0,389004.001,2.861,206737.0,33179.0,28782.0,144776.0,230504.996,21330.0,11849.0,15046.0,13736.0,19008.0,45345.0,21058.0,59365.0,851.001,375.0,16186.001,6355.991
2030,county,11,DAVIS,,,11,DAVIS,,,,,,,,,138533.0,391869.997,2.829,208105.0,33215.0,28949.0,145941.0,232188.998,21506.0,11709.0,15250.0,13699.0,19114.0,45530.0,21414.0,59883.0,846.014,367.0,16385.998,6484.997
2031,county,11,DAVIS,,,11,DAVIS,,,,,,,,,141184.0,395046.995,2.798,208669.0,33209.0,29116.0,146344.0,232976.99,21702.0,11507.0,15442.0,13674.0,19182.0,45142.0,21738.0,60282.0,842.011,369.0,16503.992,6593.007
2032,county,11,DAVIS,,,11,DAVIS,,,,,,,,,143924.0,398565.997,2.769,209553.0,33189.0,29217.0,147147.0,234131.009,21837.0,11352.0,15594.0,13623.0,19253.0,44960.0,22054.0,60880.0,836.987,384.0,16647.997,6708.996
2033,county,11,DAVIS,,,11,DAVIS,,,,,,,,,146743.0,402410.003,2.742,210697.0,33256.0,29315.0,148126.0,235674.99599999998,21968.0,11288.0,15745.0,13570.0,19407.0,44834.0,22365.0,61520.0,838.987,403.0,16895.002,6840.995
2034,county,11,DAVIS,,,11,DAVIS,,,,,,,,,149619.0,406513.99700000003,2.717,213351.0,33808.0,29406.0,150137.0,238888.999,22159.0,11649.0,15883.0,13523.0,19706.0,44811.0,22757.0,62863.0,840.9879999999999,418.0,17257.999,7021.004
2035,county,11,DAVIS,,,11,DAVIS,,,,,,,,,152517.0,410792.996,2.693,211513.0,33176.0,29258.0,149079.0,237203.003,22048.0,11128.0,15993.0,13265.0,19887.0,44613.0,22837.0,61742.0,839.987,423.0,17367.001,7060.045
2036,county,11,DAVIS,,,11,DAVIS,,,,,,,,,155404.0,415164.995,2.672,212412.0,33272.0,29313.0,149827.0,238408.995,22136.0,11136.0,16207.0,13106.0,20115.0,44552.0,23064.0,62096.0,838.9789999999999,418.0,17560.003,7179.992
2037,county,11,DAVIS,,,11,DAVIS,,,,,,,,,158315.0,419750.993,2.651,213888.0,33513.0,29433.0,150942.0,240151.002,22323.0,11190.0,16431.0,13002.0,20322.0,44573.0,23339.0,62708.0,840.004,414.0,17689.004,7319.998
2038,county,11,DAVIS,,,11,DAVIS,,,,,,,,,161269.0,424590.998,2.633,215797.0,33743.0,29596.0,152458.0,242321.002,22533.0,11210.0,16629.0,12967.0,20531.0,44661.0,23659.0,63607.0,839.014,413.0,17794.001,7477.988
2039,county,11,DAVIS,,,11,DAVIS,,,,,,,,,164237.0,429615.989,2.616,217841.0,34036.0,29753.0,154052.0,244622.996,22780.0,11256.0,16816.0,12937.0,20727.0,44824.0,23974.0,64527.0,839.018,411.0,17890.995,7640.994
2040,county,11,DAVIS,,,11,DAVIS,,,,,,,,,167173.0,434723.985,2.6,220045.0,34321.0,29909.0,155815.0,247060.999,23025.0,11296.0,16992.0,12917.0,20930.0,45183.0,24313.0,65389.0,838.987,410.0,17967.99,7799.006
2041,county,11,DAVIS,,,11,DAVIS,,,,,,,,,170053.0,439811.004,2.586,221816.0,34657.0,30062.0,157097.0,249022.996,23296.0,11361.0,17155.0,12907.0,21113.0,45163.0,24618.0,66203.0,838.012,410.0,18004.997,7954.0
2042,county,11,DAVIS,,,11,DAVIS,,,,,,,,,172886.0,444886.996,2.573,223804.0,34937.0,30221.0,158646.0,251240.996,23535.0,11402.0,17308.0,12913.0,21373.0,45351.0,24904.0,67018.0,836.987,413.0,18066.996,8120.0
2043,county,11,DAVIS,,,11,DAVIS,,,,,,,,,175673.0,449984.993,2.561,225708.0,35248.0,30341.0,160119.0,253377.004,23788.0,11460.0,17425.0,12916.0,21596.0,45574.0,25165.0,67784.0,837.985,416.0,18133.009,8282.002
2044,county,11,DAVIS,,,11,DAVIS,,,,,,,,,178456.0,455176.001,2.551,227678.0,35532.0,30464.0,161682.0,255545.001,24029.0,11503.0,17543.0,12921.0,21850.0,45809.0,25453.0,68570.0,836.99,413.0,18180.992,8436.0
2045,county,11,DAVIS,,,11,DAVIS,,,,,,,,,181246.0,460492.996,2.541,229729.0,35860.0,30620.0,163249.0,257888.99,24302.0,11558.0,17696.0,12924.0,22099.0,46071.0,25758.0,69321.0,836.009,411.0,18306.992,8606.0
2046,county,11,DAVIS,,,11,DAVIS,,,,,,,,,184049.0,465937.993,2.532,231745.0,36154.0,30775.0,164816.0,260302.998,24555.0,11599.0,17851.0,12924.0,22411.0,46348.0,26061.0,69996.0,835.992,411.0,18531.006,8780.009
2047,county,11,DAVIS,,,11,DAVIS,,,,,,,,,186886.0,471512.994,2.523,233766.0,36472.0,30920.0,166374.0,262807.994,24831.0,11641.0,18001.0,12919.0,22778.0,46630.0,26355.0,70611.0,834.989,411.0,18832.0,8963.988
2048,county,11,DAVIS,,,11,DAVIS,,,,,,,,,189744.0,477167.994,2.515,235685.0,36783.0,31066.0,167836.0,265265.0,25091.0,11692.0,18157.0,12909.0,23159.0,46918.0,26625.0,71134.0,834.006,415.0,19186.004,9144.997
2049,county,11,DAVIS,,,11,DAVIS,,,,,,,,,192613.0,482841.993,2.507,237575.0,37102.0,31214.0,169259.0,267744.01,25352.0,11750.0,18317.0,12897.0,23536.0,47198.0,26898.0,71627.0,832.002,417.0,19590.005,9330.0
2050,county,11,DAVIS,,,11,DAVIS,,,,,,,,,195491.0,488472.988,2.499,239665.0,37434.0,31364.0,170867.0,270457.006,25623.0,11811.0,18478.0,12886.0,23884.0,47687.0,27163.0,72133.0,830.011,420.0,20016.005,9526.008
2051,county,11,DAVIS,,,11,DAVIS,,,,,,,,,198348.0,493965.994,2.49,241036.0,37705.0,31503.0,171828.0,272404.998,25855.0,11850.0,18647.0,12856.0,24164.0,47731.0,27389.0,72544.0,829.009,421.0,20426.990999999998,9692.003999999999
2052,county,11,DAVIS,,,11,DAVIS,,,,,,,,,201185.0,499294.0,2.482,242486.0,37962.0,31628.0,172896.0,274424.003,26075.0,11887.0,18800.0,12828.0,24395.0,47984.0,27596.0,72921.0,828.012,424.0,20818.001,9868.003
2053,county,11,DAVIS,,,11,DAVIS,,,,,,,,,204014.0,504488.999,2.473,243872.0,38202.0,31735.0,173935.0,276360.996,26280.0,11922.0,18927.0,12808.0,24571.0,48240.0,27787.0,73337.0,825.007,426.0,21205.998,10032.011
2054,county,11,DAVIS,,,11,DAVIS,,,,,,,,,206859.0,509596.011,2.463,245150.0,38431.0,31825.0,174894.0,278222.995,26485.0,11946.0,19043.0,12782.0,24736.0,48489.0,27967.0,73702.0,825.007,428.0,21612.992,10206.996000000001
2055,county,11,DAVIS,,,11,DAVIS,,,,,,,,,209564.0,514648.005,2.456,246358.0,38646.0,31907.0,175805.0,280011.997,26678.0,11968.0,19141.0,12766.0,24881.0,48727.0,28126.0,74071.0,821.989,428.0,22031.998,10372.003
2056,county,11,DAVIS,,,11,DAVIS,,,,,,,,,210260.0,519648.993,2.471,247543.0,38783.0,31977.0,176783.0,281619.004,26813.0,11970.0,19217.0,12760.0,25018.0,48956.0,28336.0,74473.0,818.984,423.0,22304.001,10529.997
2057,county,11,DAVIS,,,11,DAVIS,,,,,,,,,211309.0,524597.993,2.483,248539.0,38860.0,32049.0,177630.0,282931.003,26909.0,11951.0,19307.0,12742.0,25159.0,49156.0,28523.0,74792.0,817.985,414.0,22475.005,10684.992
2058,county,11,DAVIS,,,11,DAVIS,,,,,,,,,211936.0,529491.993,2.498,249457.0,38933.0,32122.0,178402.0,284104.997,27001.0,11932.0,19401.0,12721.0,25304.0,49328.0,28708.0,75062.0,813.999,405.0,22591.994,10837.002
2059,county,11,DAVIS,,,11,DAVIS,,,,,,,,,212434.0,534353.996,2.515,250307.0,38994.0,32196.0,179117.0,285171.997,27087.0,11907.0,19497.0,12699.0,25444.0,49467.0,28899.0,75307.0,811.9789999999999,398.0,22672.003,10982.997
2060,county,11,DAVIS,,,11,DAVIS,,,,,,,,,212872.0,539210.001,2.533,251268.0,39034.0,32268.0,179966.0,286322.001,27156.0,11878.0,19591.0,12677.0,25580.0,49797.0,29069.0,75520.0,808.984,393.0,22723.004,11128.998
2061,county,11,DAVIS,,,11,DAVIS,,,,,,,,,213199.0,544071.995,2.552,251780.0,39082.0,32340.0,180358.0,287002.008,27233.0,11849.0,19686.0,12654.0,25708.0,49643.0,29245.0,75762.0,807.985,391.0,22760.003,11262.999
2062,county,11,DAVIS,,,11,DAVIS,,,,,,,,,213844.0,548924.992,2.567,252590.0,39137.0,32417.0,181036.0,287975.995,27315.0,11822.0,19786.0,12631.0,25833.0,49736.0,29424.0,76043.0,805.973,389.0,22794.003,11397.0
2063,county,11,DAVIS,,,11,DAVIS,,,,,,,,,214811.0,553765.993,2.578,253397.0,39197.0,32497.0,181703.0,288959.996,27400.0,11797.0,19887.0,12610.0,25953.0,49826.0,29603.0,76321.0,804.999,388.0,22825.998,11543.995
2064,county,11,DAVIS,,,11,DAVIS,,,,,,,,,215274.0,558604.01,2.595,254210.0,39263.0,32575.0,182372.0,289943.997,27491.0,11772.0,19988.0,12587.0,26068.0,49919.0,29785.0,76600.0,803.97,386.0,22854.997,11689.001
2065,county,11,DAVIS,,,11,DAVIS,,,,,,,,,215710.0,563450.008,2.612,255027.0,39331.0,32657.0,183039.0,290929.007,27585.0,11746.0,20091.0,12566.0,26181.0,50010.0,29969.0,76879.0,801.9929999999999,386.0,22881.005,11833.01
2023,county,3,BOX ELDER,,,3,BOX ELDER,,,,,,,,,11146.0,32375.0,2.905,15202.0,3275.0,4117.0,7810.0,18458.0,1972.0,1303.0,2955.0,1162.0,902.0,2159.0,1236.0,3513.0,979.0,52.0,1588.0,637.0
2024,county,3,BOX ELDER,,,3,BOX ELDER,,,,,,,,,11322.0,32580.0,2.878,14954.0,3203.0,3936.0,7815.0,18462.0,1999.0,1204.0,2754.0,1182.0,942.0,2297.0,1291.0,3285.0,973.0,57.0,1854.0,624.0
2025,county,3,BOX ELDER,,,3,BOX ELDER,,,,,,,,,11518.0,32827.0,2.85,15207.0,3216.0,4026.0,7965.0,18815.0,2009.0,1207.0,2798.0,1228.0,948.0,2339.0,1344.0,3334.0,973.0,58.0,1897.0,680.0
2026,county,3,BOX ELDER,,,3,BOX ELDER,,,,,,,,,11717.0,33124.0,2.827,15354.0,3232.0,4090.0,8032.0,19010.0,2010.0,1222.0,2827.0,1263.0,938.0,2353.0,1380.0,3361.0,972.0,59.0,1934.0,691.0
2027,county,3,BOX ELDER,,,3,BOX ELDER,,,,,,,,,11948.0,33359.0,2.792,15542.0,3257.0,4144.0,8141.0,19264.0,2031.0,1226.0,2849.0,1295.0,930.0,2385.0,1417.0,3409.0,971.0,61.0,1984.0,706.0
2028,county,3,BOX ELDER,,,3,BOX ELDER,,,,,,,,,12161.0,33597.0,2.763,15719.0,3279.0,4191.0,8249.0,19513.0,2046.0,1233.0,2871.0,1320.0,929.0,2411.0,1445.0,3464.0,969.0,59.0,2045.0,721.0
2029,county,3,BOX ELDER,,,3,BOX ELDER,,,,,,,,,12379.0,33839.0,2.734,15899.0,3300.0,4257.0,8342.0,19755.0,2065.0,1235.0,2912.0,1345.0,934.0,2429.0,1466.0,3513.0,963.0,56.0,2101.0,736.0
2030,county,3,BOX ELDER,,,3,BOX ELDER,,,,,,,,,12623.0,34089.0,2.701,16116.0,3324.0,4342.0,8450.0,20030.0,2093.0,1231.0,2972.0,1370.0,940.0,2451.0,1495.0,3564.0,960.0,55.0,2145.0,754.0
2031,county,3,BOX ELDER,,,3,BOX ELDER,,,,,,,,,12847.0,34414.0,2.679,16276.0,3345.0,4415.0,8516.0,20226.0,2124.0,1221.0,3023.0,1392.0,944.0,2457.0,1517.0,3598.0,957.0,55.0,2169.0,769.0
2032,county,3,BOX ELDER,,,3,BOX ELDER,,,,,,,,,13099.0,34685.0,2.648,16452.0,3358.0,4481.0,8613.0,20453.0,2145.0,1213.0,3070.0,1411.0,947.0,2474.0,1543.0,3649.0,957.0,59.0,2198.0,787.0
2033,county,3,BOX ELDER,,,3,BOX ELDER,,,,,,,,,13329.0,34968.0,2.623,16595.0,3375.0,4536.0,8684.0,20641.0,2162.0,1213.0,3107.0,1429.0,956.0,2479.0,1561.0,3688.0,958.0,62.0,2222.0,804.0
2034,county,3,BOX ELDER,,,3,BOX ELDER,,,,,,,,,13590.0,35327.0,2.599,16804.0,3443.0,4544.0,8817.0,20898.0,2186.0,1257.0,3126.0,1418.0,968.0,2492.0,1582.0,3775.0,956.0,65.0,2250.0,823.0
2035,county,3,BOX ELDER,,,3,BOX ELDER,,,,,,,,,13825.0,35626.0,2.577,16701.0,3389.0,4538.0,8774.0,20824.0,2181.0,1208.0,3146.0,1392.0,978.0,2499.0,1589.0,3708.0,959.0,66.0,2267.0,831.0
2036,county,3,BOX ELDER,,,3,BOX ELDER,,,,,,,,,14084.0,35933.0,2.551,16823.0,3405.0,4555.0,8863.0,20988.0,2191.0,1214.0,3183.0,1372.0,988.0,2520.0,1607.0,3748.0,964.0,66.0,2289.0,846.0
2037,county,3,BOX ELDER,,,3,BOX ELDER,,,,,,,,,14321.0,36327.0,2.537,16947.0,3429.0,4577.0,8941.0,21132.0,2207.0,1222.0,3220.0,1357.0,997.0,2535.0,1622.0,3787.0,966.0,65.0,2294.0,860.0
2038,county,3,BOX ELDER,,,3,BOX ELDER,,,,,,,,,14591.0,36674.0,2.513,17095.0,3455.0,4602.0,9038.0,21299.0,2228.0,1227.0,3254.0,1348.0,1005.0,2553.0,1641.0,3839.0,966.0,66.0,2295.0,877.0
2039,county,3,BOX ELDER,,,3,BOX ELDER,,,,,,,,,14837.0,37036.0,2.496,17246.0,3483.0,4625.0,9138.0,21468.0,2250.0,1233.0,3285.0,1340.0,1013.0,2575.0,1659.0,3891.0,967.0,66.0,2297.0,892.0
2040,county,3,BOX ELDER,,,3,BOX ELDER,,,,,,,,,15108.0,37478.0,2.481,17389.0,3512.0,4643.0,9234.0,21628.0,2273.0,1239.0,3312.0,1331.0,1021.0,2597.0,1677.0,3939.0,968.0,66.0,2295.0,910.0
2041,county,3,BOX ELDER,,,3,BOX ELDER,,,,,,,,,15349.0,37846.0,2.466,17518.0,3537.0,4660.0,9321.0,21768.0,2293.0,1244.0,3336.0,1324.0,1027.0,2618.0,1694.0,3982.0,970.0,67.0,2289.0,924.0
2042,county,3,BOX ELDER,,,3,BOX ELDER,,,,,,,,,15616.0,38214.0,2.447,17652.0,3565.0,4677.0,9410.0,21919.0,2315.0,1250.0,3357.0,1320.0,1038.0,2637.0,1708.0,4027.0,970.0,68.0,2287.0,942.0
2043,county,3,BOX ELDER,,,3,BOX ELDER,,,,,,,,,15852.0,38657.0,2.439,17763.0,3591.0,4685.0,9487.0,22045.0,2337.0,1254.0,3372.0,1313.0,1047.0,2658.0,1718.0,4064.0,970.0,69.0,2285.0,958.0
2044,county,3,BOX ELDER,,,3,BOX ELDER,,,,,,,,,16119.0,39034.0,2.422,17871.0,3608.0,4694.0,9569.0,22164.0,2352.0,1256.0,3386.0,1308.0,1058.0,2678.0,1730.0,4103.0,970.0,69.0,2281.0,973.0
2045,county,3,BOX ELDER,,,3,BOX ELDER,,,,,,,,,16359.0,39498.0,2.414,17990.0,3633.0,4712.0,9645.0,22305.0,2374.0,1259.0,3408.0,1304.0,1067.0,2698.0,1743.0,4137.0,971.0,69.0,2287.0,988.0
2046,county,3,BOX ELDER,,,3,BOX ELDER,,,,,,,,,16635.0,39897.0,2.398,18111.0,3657.0,4728.0,9726.0,22463.0,2395.0,1262.0,3430.0,1298.0,1082.0,2719.0,1754.0,4171.0,970.0,70.0,2308.0,1004.0
2047,county,3,BOX ELDER,,,3,BOX ELDER,,,,,,,,,16916.0,40384.0,2.387,18218.0,3673.0,4743.0,9802.0,22623.0,2411.0,1262.0,3451.0,1292.0,1098.0,2739.0,1767.0,4198.0,970.0,70.0,2341.0,1024.0
2048,county,3,BOX ELDER,,,3,BOX ELDER,,,,,,,,,17169.0,40801.0,2.376,18330.0,3698.0,4762.0,9870.0,22792.0,2433.0,1265.0,3475.0,1287.0,1115.0,2757.0,1777.0,4221.0,971.0,71.0,2382.0,1038.0
2049,county,3,BOX ELDER,,,3,BOX ELDER,,,,,,,,,17456.0,41300.0,2.366,18438.0,3718.0,4780.0,9940.0,22972.0,2451.0,1267.0,3499.0,1281.0,1132.0,2778.0,1787.0,4243.0,971.0,73.0,2433.0,1057.0
2050,county,3,BOX ELDER,,,3,BOX ELDER,,,,,,,,,17711.0,41715.0,2.355,18541.0,3735.0,4798.0,10008.0,23149.0,2467.0,1268.0,3523.0,1275.0,1147.0,2799.0,1797.0,4265.0,971.0,74.0,2487.0,1076.0
2051,county,3,BOX ELDER,,,3,BOX ELDER,,,,,,,,,17998.0,42199.0,2.345,18610.0,3755.0,4818.0,10037.0,23280.0,2486.0,1269.0,3549.0,1269.0,1160.0,2807.0,1799.0,4271.0,968.0,74.0,2536.0,1092.0
2052,county,3,BOX ELDER,,,3,BOX ELDER,,,,,,,,,18280.0,42587.0,2.33,18694.0,3770.0,4835.0,10089.0,23439.0,2501.0,1269.0,3572.0,1263.0,1169.0,2825.0,1806.0,4289.0,968.0,75.0,2593.0,1109.0
2053,county,3,BOX ELDER,,,3,BOX ELDER,,,,,,,,,18526.0,43046.0,2.324,18771.0,3781.0,4847.0,10143.0,23590.0,2513.0,1268.0,3590.0,1257.0,1175.0,2843.0,1814.0,4311.0,968.0,76.0,2649.0,1126.0
2054,county,3,BOX ELDER,,,3,BOX ELDER,,,,,,,,,18806.0,43414.0,2.309,18836.0,3797.0,4856.0,10183.0,23732.0,2529.0,1268.0,3605.0,1251.0,1180.0,2860.0,1818.0,4325.0,967.0,77.0,2708.0,1144.0
2055,county,3,BOX ELDER,,,3,BOX ELDER,,,,,,,,,19089.0,43862.0,2.298,18865.0,3805.0,4862.0,10198.0,23823.0,2540.0,1265.0,3616.0,1246.0,1183.0,2870.0,1816.0,4329.0,962.0,77.0,2759.0,1160.0
2056,county,3,BOX ELDER,,,3,BOX ELDER,,,,,,,,,19336.0,44219.0,2.287,18919.0,3808.0,4865.0,10246.0,23937.0,2546.0,1262.0,3624.0,1241.0,1186.0,2888.0,1824.0,4348.0,962.0,78.0,2803.0,1175.0
2057,county,3,BOX ELDER,,,3,BOX ELDER,,,,,,,,,19621.0,44659.0,2.276,18965.0,3805.0,4869.0,10291.0,24029.0,2549.0,1256.0,3633.0,1236.0,1191.0,2904.0,1831.0,4365.0,962.0,77.0,2834.0,1191.0
2058,county,3,BOX ELDER,,,3,BOX ELDER,,,,,,,,,19869.0,45006.0,2.265,18989.0,3804.0,4877.0,10308.0,24076.0,2553.0,1251.0,3645.0,1232.0,1196.0,2911.0,1832.0,4369.0,959.0,75.0,2853.0,1200.0
2059,county,3,BOX ELDER,,,3,BOX ELDER,,,,,,,,,20155.0,45438.0,2.254,19025.0,3804.0,4881.0,10340.0,24148.0,2558.0,1246.0,3655.0,1226.0,1199.0,2924.0,1837.0,4380.0,958.0,75.0,2873.0,1217.0
2060,county,3,BOX ELDER,,,3,BOX ELDER,,,,,,,,,20444.0,45871.0,2.244,19075.0,3802.0,4887.0,10386.0,24231.0,2561.0,1241.0,3666.0,1221.0,1203.0,2941.0,1845.0,4397.0,956.0,74.0,2895.0,1231.0
2061,county,3,BOX ELDER,,,3,BOX ELDER,,,,,,,,,20734.0,46214.0,2.229,19091.0,3801.0,4894.0,10396.0,24271.0,2566.0,1235.0,3677.0,1217.0,1207.0,2944.0,1846.0,4399.0,952.0,74.0,2909.0,1245.0
2062,county,3,BOX ELDER,,,3,BOX ELDER,,,,,,,,,20985.0,46646.0,2.223,19140.0,3801.0,4899.0,10440.0,24359.0,2570.0,1231.0,3688.0,1211.0,1210.0,2959.0,1853.0,4418.0,952.0,74.0,2933.0,1260.0
2063,county,3,BOX ELDER,,,3,BOX ELDER,,,,,,,,,21275.0,46986.0,2.209,19192.0,3801.0,4908.0,10483.0,24444.0,2574.0,1227.0,3702.0,1206.0,1213.0,2974.0,1859.0,4437.0,951.0,73.0,2954.0,1274.0
2064,county,3,BOX ELDER,,,3,BOX ELDER,,,,,,,,,21565.0,47419.0,2.199,19220.0,3803.0,4917.0,10500.0,24493.0,2579.0,1224.0,3715.0,1202.0,1217.0,2980.0,1861.0,4442.0,948.0,73.0,2966.0,1286.0
2065,county,3,BOX ELDER,,,3,BOX ELDER,,,,,,,,,21812.0,47759.0,2.19,19271.0,3803.0,4926.0,10542.0,24578.0,2583.0,1220.0,3729.0,1197.0,1219.0,2994.0,1867.0,4462.0,947.0,72.0,2985.0,1303.0
2023,county,35,SALT LAKE,,,35,SALT LAKE,,,,,,,,,437303.2,1201970.09,2.749,957108.6,148544.9,165165.0,643398.7,1056727.605,88197.6,60347.3,63213.0,101952.0,141486.1,148352.9,82573.0,270986.7,1256.984,4551.997,65797.997,28012.012
2024,county,35,SALT LAKE,,,35,SALT LAKE,,,,,,,,,445858.7,1213868.607,2.723,965801.8,148097.4,165608.0,652096.4,1066562.804,87243.9,60853.5,62151.0,103457.0,140672.2,153518.1,84673.0,273233.1,1256.015,4661.009,66988.003,27855.996
2025,county,35,SALT LAKE,,,35,SALT LAKE,,,,,,,,,453683.0,1222597.11,2.695,978557.4,148438.1,168161.0,661958.3,1083697.38,87882.7,60555.4,62878.0,105283.0,141909.3,155841.1,87968.0,276239.9,1249.988,4604.995,68437.003,30847.979
2026,county,35,SALT LAKE,,,35,SALT LAKE,,,,,,,,,461380.3,1230551.603,2.667,981653.7,147730.3,168727.0,665196.4,1087938.699,87269.7,60460.6,62877.0,105850.0,140677.4,155856.3,90260.0,278402.7,1245.985,4702.997,68903.99,31432.017
2027,county,35,SALT LAKE,,,35,SALT LAKE,,,,,,,,,469025.6,1238209.096,2.64,990141.9,148350.0,169983.0,671808.9,1100610.91,88082.7,60267.3,63048.0,106935.0,140582.5,157351.9,92498.0,281376.5,1238.013,4767.008,72258.008,32205.949
2028,county,35,SALT LAKE,,,35,SALT LAKE,,,,,,,,,476582.1,1245739.698,2.614,995009.0,148000.4,170045.0,676963.6,1106638.99,88181.7,59818.7,63105.0,106940.0,141138.6,158358.3,93732.0,283734.7,1226.989,4538.002,73044.005,32820.994
2029,county,35,SALT LAKE,,,35,SALT LAKE,,,,,,,,,484050.6,1253265.303,2.589,1003030.6,147714.5,170780.0,684536.1,1116999.609,88501.9,59212.6,63648.0,107132.0,142780.7,159434.7,95009.0,287311.7,1218.995,4255.004,74920.015,33574.988
2030,county,35,SALT LAKE,,,35,SALT LAKE,,,,,,,,,491417.2,1260888.891,2.566,1013183.9,148493.4,171663.0,693027.5,1128353.912,89831.1,58662.3,64501.0,107162.0,145237.7,160278.0,96555.0,290956.8,1210.012,4165.001,75429.99,34364.992
2031,county,35,SALT LAKE,,,35,SALT LAKE,,,,,,,,,498701.0,1268678.508,2.544,1020368.4,149028.0,172506.0,698834.4,1135644.371,91252.6,57775.4,65297.0,107209.0,146868.7,160304.5,97966.0,293695.2,1203.017,4174.0,74860.006,35038.996
2032,county,35,SALT LAKE,,,35,SALT LAKE,,,,,,,,,505903.9,1276684.004,2.524,1030050.6,149521.2,173354.0,707175.4,1146969.606,92444.2,57077.0,66105.0,107249.0,148852.7,160577.7,99740.0,298005.0,1197.021,4363.995,75533.005,35824.985
2033,county,35,SALT LAKE,,,35,SALT LAKE,,,,,,,,,513023.8,1284934.49,2.505,1041918.5,150524.5,173898.0,717496.0,1159760.495,93672.8,56851.7,66779.0,107119.0,152001.7,160968.9,101114.0,303411.4,1200.986,4567.996,75395.995,36677.059
2034,county,35,SALT LAKE,,,35,SALT LAKE,,,,,,,,,520042.7,1293398.704,2.487,1057851.6,153128.1,174727.0,729996.5,1178668.606,94491.3,58636.8,67566.0,107161.0,155005.8,161773.4,103010.0,310207.3,1204.015,4747.993,77120.999,37743.982
2035,county,35,SALT LAKE,,,35,SALT LAKE,,,,,,,,,526960.5,1302019.81,2.471,1056372.3,150925.7,173842.0,731604.6,1179398.297,94521.8,56403.9,68100.0,105742.0,157945.9,161889.6,103535.0,308234.1,1202.014,4804.008,78789.0,38230.981
2036,county,35,SALT LAKE,,,35,SALT LAKE,,,,,,,,,533824.1,1310798.9,2.455,1066814.5,151682.5,174105.0,741027.0,1190023.52,95024.3,56658.2,69104.0,105001.0,161772.0,162600.8,104569.0,312085.2,1203.9660000000001,4765.9980000000005,78201.016,39037.993
2037,county,35,SALT LAKE,,,35,SALT LAKE,,,,,,,,,540680.6,1319932.881,2.441,1078859.2,153160.6,174806.0,750892.6,1204556.211,96075.9,57084.7,70169.0,104637.0,164649.1,163710.2,105856.0,316677.3,1204.985,4720.004,79774.004,39997.986
2038,county,35,SALT LAKE,,,35,SALT LAKE,,,,,,,,,547571.1,1329478.894,2.428,1094109.7,154238.7,175894.0,763977.0,1220608.692,96911.4,57327.3,71127.0,104767.0,168257.2,165152.4,107352.0,323215.4,1205.988,4705.0,79575.008,41012.981999999996
2039,county,35,SALT LAKE,,,35,SALT LAKE,,,,,,,,,554443.4,1339337.79,2.416,1108546.7,155535.5,176949.0,776062.2,1236193.697,97889.0,57646.5,72037.0,104912.0,171356.3,166898.6,108775.0,329032.3,1208.003,4696.997,79707.998,42034.0
2040,county,35,SALT LAKE,,,35,SALT LAKE,,,,,,,,,561208.5,1349308.581,2.404,1124080.9,156899.2,178066.0,789115.7,1252763.899,98887.5,58011.7,72939.0,105127.0,174932.4,168902.8,110470.0,334810.5,1209.0140000000001,4696.005,79726.003,43051.996
2041,county,35,SALT LAKE,,,35,SALT LAKE,,,,,,,,,567835.4,1359165.289,2.394,1138476.3,158467.1,179201.0,800808.2,1268255.312,99999.0,58468.1,73778.0,105423.0,178043.5,170667.0,111984.0,340113.7,1211.007,4715.003000000001,79745.981,44107.014
2042,county,35,SALT LAKE,,,35,SALT LAKE,,,,,,,,,574337.1,1368953.499,2.384,1152661.7,159649.0,180382.0,812630.7,1283179.685,100850.5,58798.5,74564.0,105818.0,181447.6,172573.2,113381.0,345228.9,1212.972,4760.001,79416.0,45128.956
2043,county,35,SALT LAKE,,,35,SALT LAKE,,,,,,,,,580715.5,1378736.506,2.374,1167748.9,161175.7,181478.0,825095.2,1299271.9,101914.0,59261.7,75228.0,106250.0,184868.7,174692.4,114781.0,350753.1,1213.978,4797.994,79306.992,46204.01
2044,county,35,SALT LAKE,,,35,SALT LAKE,,,,,,,,,587039.8,1388647.297,2.366,1183197.9,162639.2,182649.0,837909.7,1316019.879,102943.5,59695.7,75921.0,106728.0,188358.8,176969.6,116311.0,356270.3,1216.014,4792.993,79469.99,47343.001
2045,county,35,SALT LAKE,,,35,SALT LAKE,,,,,,,,,593335.8,1398726.911,2.357,1199382.2,164349.3,183999.0,851033.9,1333966.202,104147.0,60202.3,76773.0,107226.0,191989.9,179479.8,117992.0,361572.2,1217.009,4783.004,80087.0,48497.018
2046,county,35,SALT LAKE,,,35,SALT LAKE,,,,,,,,,599637.6,1408999.491,2.35,1215291.9,165952.8,185357.0,863982.1,1352222.905,105309.5,60643.3,77642.0,107715.0,195778.0,182080.0,119686.0,366438.1,1219.022,4786.001,81229.992,49696.001000000004
2047,county,35,SALT LAKE,,,35,SALT LAKE,,,,,,,,,605975.2,1419448.7989999999,2.342,1231619.4,167704.3,186667.0,877248.1,1371375.413,106592.0,61112.3,78496.0,108171.0,200083.0,184736.2,121385.0,371043.9,1219.006,4820.003,82788.001,50928.989
2048,county,35,SALT LAKE,,,35,SALT LAKE,,,,,,,,,612319.5,1429990.893,2.335,1247903.3,169529.1,187984.0,890390.2,1390910.2989999999,107875.5,61653.6,79375.0,108609.0,204513.0,187517.4,123042.0,375317.8,1220.0,4873.996,84698.994,52214.017
2049,county,35,SALT LAKE,,,35,SALT LAKE,,,,,,,,,618656.6,1440515.916,2.328,1264258.3,171421.2,189335.0,903502.1,1410846.305,109188.0,62233.2,80296.0,109039.0,208894.0,190327.6,124732.0,379548.5,1220.991,4929.004,86935.014,53503.019
2050,county,35,SALT LAKE,,,35,SALT LAKE,,,,,,,,,624993.7,1450914.607,2.321,1281988.6,173550.8,190780.0,917657.8,1432458.597,110651.5,62899.3,81250.0,109530.0,213457.0,193457.9,126545.0,384197.9,1222.0,4982.996,89387.004,54878.006
2051,county,35,SALT LAKE,,,35,SALT LAKE,,,,,,,,,631269.8,1461015.193,2.314,1296045.0,175371.2,192066.0,928607.8,1450295.979,111935.0,63436.2,82215.0,109851.0,216435.0,196129.1,128138.0,387905.7,1222.989,5027.995,91840.008,56159.999
2052,county,35,SALT LAKE,,,35,SALT LAKE,,,,,,,,,637476.9,1470770.498,2.307,1310336.6,177298.0,193380.0,939658.6,1468441.6,113283.5,64014.5,83132.0,110248.0,219094.0,199042.3,129745.0,391777.3,1224.0,5079.998,94351.002,57449.998
2053,county,35,SALT LAKE,,,35,SALT LAKE,,,,,,,,,643647.0,1480245.722,2.3,1324543.2,179235.8,194682.0,950625.4,1486574.221,114613.0,64622.8,83945.0,110737.0,221374.0,202008.5,131311.0,395931.9,1223.0,5138.0,96929.009,58741.015999999996
2054,county,35,SALT LAKE,,,35,SALT LAKE,,,,,,,,,649816.2,1489537.797,2.292,1338765.8,181222.6,195935.0,961608.2,1504848.805,115997.5,65225.1,84719.0,111216.0,223652.0,204995.7,132867.0,400093.5,1224.0,5179.01,99646.007,60034.04
2055,county,35,SALT LAKE,,,35,SALT LAKE,,,,,,,,,656011.5,1498703.712,2.285,1353219.1,183263.1,197242.0,972714.0,1523546.107,117412.8,65850.3,85451.0,111791.0,225819.0,208080.9,134408.0,404406.1,1224.0,5204.001,102509.993,61389.002
2056,county,35,SALT LAKE,,,35,SALT LAKE,,,,,,,,,662226.8,1507755.3,2.277,1368695.5,185060.8,198635.0,984999.7,1542664.505,118640.1,66420.7,86105.0,112530.0,228001.0,211618.1,136251.0,409129.6,1225.011,5180.005,104789.005,62775.025
2057,county,35,SALT LAKE,,,35,SALT LAKE,,,,,,,,,665058.9,1516688.893,2.281,1382637.6,186617.3,199908.0,996112.3,1559551.59,119735.3,66882.0,86802.0,113106.0,230293.0,214436.3,137979.0,413404.0,1225.011,5095.001,106568.001,64025.977
2058,county,35,SALT LAKE,,,35,SALT LAKE,,,,,,,,,667717.1,1525498.21,2.285,1396302.7,188157.8,201202.0,1006942.9,1575956.715,120820.5,67337.3,87525.0,113677.0,232650.0,217133.5,139702.0,417457.4,1226.0,5016.004,108068.022,65343.983
2059,county,35,SALT LAKE,,,35,SALT LAKE,,,,,,,,,668929.4,1534225.487,2.294,1409714.6,189666.3,202493.0,1017555.3,1591939.591,121893.7,67772.6,88254.0,114239.0,235000.0,219677.7,141435.0,421442.6,1226.0,4965.006,109380.999,66653.01
2060,county,35,SALT LAKE,,,35,SALT LAKE,,,,,,,,,669753.9,1542924.72,2.304,1423205.6,191156.8,203792.0,1028256.8,1607849.609,122953.9,68202.9,88987.0,114805.0,237375.0,222290.0,143218.0,425373.8,1225.018,4939.003,110560.002,67920.008
2061,county,35,SALT LAKE,,,35,SALT LAKE,,,,,,,,,669957.0,1551604.005,2.316,1435842.0,192695.0,204993.0,1038154.0,1622857.003,124006.0,68689.0,89707.0,115286.0,239573.0,224441.0,144906.0,429234.0,1226.0,4924.997,111627.989,69235.999
2062,county,35,SALT LAKE,,,35,SALT LAKE,,,,,,,,,670754.0,1560259.016,2.326,1448708.0,194261.0,206195.0,1048252.0,1638013.99,125076.0,69185.0,90432.0,115763.0,241703.0,226802.0,146608.0,433139.0,1225.018,4915.008,112660.997,70505.01299999999
2063,county,35,SALT LAKE,,,35,SALT LAKE,,,,,,,,,671828.0,1568883.0219999999,2.335,1461569.0,195866.0,207397.0,1058306.0,1653145.985,126186.0,69680.0,91148.0,116249.0,243760.0,229177.0,148332.0,437037.0,1225.018,4907.004,113659.991,71785.013
2064,county,35,SALT LAKE,,,35,SALT LAKE,,,,,,,,,671999.0,1577489.009,2.347,1474343.0,197517.0,208612.0,1068214.0,1668263.985,127322.0,70195.0,91872.0,116740.0,245728.0,231549.0,150058.0,440879.0,1226.0,4900.002,114624.994,73169.992
2065,county,35,SALT LAKE,,,35,SALT LAKE,,,,,,,,,672586.0,1586083.007,2.358,1487252.0,199200.0,209833.0,1078219.0,1683379.029,128483.0,70717.0,92596.0,117237.0,247672.0,233964.0,151819.0,444764.0,1225.018,4894.004,115556.999,74450.99399999999
2023,county,49,UTAH,,,49,UTAH,,,,,,,,,220334.4,710816.307,3.226,397647.9,74422.8,46411.0,276814.1,452787.924,48925.6,25497.2,25235.0,21176.0,62873.8,64355.5,40179.0,109405.8,3802.083,882.0,36309.994,14145.972
2024,county,49,UTAH,,,49,UTAH,,,,,,,,,228985.3,732312.14,3.198,402355.2,74479.5,47421.0,280454.7,457904.273,48454.4,26025.1,25587.0,21834.0,61855.8,65938.5,42796.3,109864.1,3812.112,965.0,36675.017,14096.959
2025,county,49,UTAH,,,49,UTAH,,,,,,,,,238268.2,754360.743,3.166,412183.0,75823.8,48670.0,287689.2,470998.97,49381.4,26442.4,26210.0,22460.0,62839.8,67402.5,45010.5,112436.4,3799.9770000000003,961.998,38251.981999999996,15802.033
2026,county,49,UTAH,,,49,UTAH,,,,,,,,,247985.1,776754.211,3.132,419132.6,76773.1,49358.0,293001.5,480006.59,49814.5,26958.6,26558.0,22800.0,62927.8,68584.5,46833.7,114655.5,3802.984,996.0020000000001,39756.002,16318.937
2027,county,49,UTAH,,,49,UTAH,,,,,,,,,258002.9,799458.635,3.099,425838.2,78006.4,50074.0,297757.8,488677.183,50702.6,27303.8,26895.0,23179.0,62813.8,69796.5,48462.9,116684.6,3788.892,1019.0,41192.998,16837.886
2028,county,49,UTAH,,,49,UTAH,,,,,,,,,268047.7,821866.82,3.066,432189.8,78881.7,50580.0,302728.1,496918.779,51294.7,27587.0,27214.0,23366.0,63137.8,70733.5,49780.1,119076.7,3766.952,978.0,42639.983,17343.957
2029,county,49,UTAH,,,49,UTAH,,,,,,,,,277882.5,843451.942,3.035,439047.7,79647.1,51269.0,308131.6,505555.708,51909.8,27737.3,27703.0,23566.0,63869.8,71611.5,51010.4,121639.9,3746.971,924.002,43951.977,17884.941
2030,county,49,UTAH,,,49,UTAH,,,,,,,,,287326.3,863854.935,3.007,445757.6,80615.7,52015.0,313126.9,513642.605,52829.9,27785.8,28305.0,23710.0,64681.8,72193.5,52360.6,123891.0,3730.063,909.001,44834.991,18411.012
2031,county,49,UTAH,,,49,UTAH,,,,,,,,,296279.1,882905.908,2.98,451684.9,81513.7,52779.0,317392.2,520690.885,53821.1,27692.6,28897.0,23882.0,65383.8,72391.5,53684.8,125932.1,3712.899,915.999,45477.002,18900.031
2032,county,49,UTAH,,,49,UTAH,,,,,,,,,304693.9,900623.88,2.956,458150.7,82413.1,53531.0,322206.6,528360.7,54681.4,27731.7,29458.0,24073.0,66216.8,72515.5,55030.1,128444.2,3700.928,961.998,46127.002,19420.041
2033,county,49,UTAH,,,49,UTAH,,,,,,,,,312594.6,917223.847,2.934,464121.4,83304.5,54071.0,326745.9,535535.373,55376.7,27927.8,29912.0,24159.0,67112.8,72594.5,56263.3,130775.3,3707.913,1009.0,46759.994,19937.086
2034,county,49,UTAH,,,49,UTAH,,,,,,,,,320066.3,933007.788,2.915,473901.0,85415.8,54715.0,333770.2,546802.02,56270.9,29144.9,30390.0,24325.0,68355.8,72858.5,57781.5,134774.4,3715.081,1049.999,47533.001000000004,20603.032
2035,county,49,UTAH,,,49,UTAH,,,,,,,,,327276.0,948484.766,2.898,473404.6,84583.1,54836.0,333985.5,546770.597,56341.1,28242.0,30750.0,24086.0,69230.8,72640.5,58461.7,133652.5,3712.038,1065.001,47737.996,20851.025999999998
2036,county,49,UTAH,,,49,UTAH,,,,,,,,,334536.7,964396.709,2.883,478795.2,85423.4,55359.0,338012.8,552940.195,56861.3,28562.1,31332.0,24027.0,70401.8,72738.5,59450.9,135421.6,3715.98,1057.999,48026.009,21345.018
2037,county,49,UTAH,,,49,UTAH,,,,,,,,,341999.3,981083.166,2.869,484730.0,86477.9,55936.0,342316.1,559368.997,57542.6,28935.3,31911.0,24025.0,71420.8,73001.5,60472.1,137421.7,3717.0099999999998,1049.0,48029.011,21844.072
2038,county,49,UTAH,,,49,UTAH,,,,,,,,,349735.9,998648.997,2.855,491584.5,87488.1,56601.0,347495.4,566703.506,58279.8,29208.3,32456.0,24145.0,72423.8,73458.5,61627.3,139985.8,3717.087,1047.001,47952.006,22402.949
2039,county,49,UTAH,,,49,UTAH,,,,,,,,,357700.5,1016898.848,2.843,498263.1,88532.4,57221.0,352509.7,573821.097,59047.0,29485.4,32964.0,24257.0,73346.8,74128.5,62680.5,142353.9,3719.052,1047.001,47847.015,22944.976
2040,county,49,UTAH,,,49,UTAH,,,,,,,,,365787.1,1035538.669,2.831,504778.7,89476.7,57829.0,357473.0,580702.703,59767.2,29709.5,33455.0,24374.0,74366.8,74821.5,63742.7,144542.0,3717.994,1047.001,47664.994,23494.007
2041,county,49,UTAH,,,49,UTAH,,,,,,,,,373862.7,1054178.4239999999,2.82,510986.4,90503.1,58429.0,362054.3,587153.377,60526.4,29976.7,33919.0,24510.0,75220.8,75525.5,64704.9,146603.1,3715.058,1052.001,47376.999,24022.987
2042,county,49,UTAH,,,49,UTAH,,,,,,,,,381953.3,1072833.141,2.809,517148.1,91372.5,59020.0,366755.6,593662.117,61196.6,30175.9,34353.0,24667.0,76308.8,76228.5,65625.1,148593.2,3714.14,1062.001,47181.002,24557.058
2043,county,49,UTAH,,,49,UTAH,,,,,,,,,390104.9,1091647.832,2.798,523077.9,92308.0,59570.0,371199.9,599985.892,61898.8,30409.2,34751.0,24819.0,77237.8,77007.5,66498.3,150456.3,3709.9410000000003,1071.0,47019.011,25107.931
2044,county,49,UTAH,,,49,UTAH,,,,,,,,,398409.5,1110888.47,2.788,529226.7,93201.5,60096.0,375929.2,606516.697,62588.0,30613.5,35117.0,24979.0,78261.8,77853.5,67429.5,152384.4,3708.082,1069.998,46857.027,25654.993
2045,county,49,UTAH,,,49,UTAH,,,,,,,,,406902.1,1130607.101,2.779,535554.5,94178.0,60678.0,380698.5,613516.501,63354.2,30823.8,35543.0,25135.0,79271.8,78814.5,68389.7,154222.5,3703.122,1067.002,46954.004,26237.957
2046,county,49,UTAH,,,49,UTAH,,,,,,,,,415615.7,1150819.736,2.769,541735.2,95026.4,61240.0,385468.8,620678.207,64053.4,30973.0,35965.0,25275.0,80493.8,79830.5,69291.9,155852.6,3700.062,1067.002,47352.005,26824.027
2047,county,49,UTAH,,,49,UTAH,,,,,,,,,424559.3,1171469.318,2.759,547914.0,95903.9,61769.0,390241.1,628099.99,64796.6,31107.3,36369.0,25400.0,81912.8,80868.5,70134.1,157325.7,3695.105,1073.0,47982.004,27435.987
2048,county,49,UTAH,,,49,UTAH,,,,,,,,,433694.9,1192423.86,2.749,553966.8,96803.4,62299.0,394864.4,635606.795,65530.8,31272.6,36783.0,25516.0,83379.8,81943.5,70928.3,158612.8,3690.0860000000002,1083.998,48812.022,28054.043
2049,county,49,UTAH,,,49,UTAH,,,,,,,,,442958.5,1213464.259,2.739,559969.6,97698.9,62829.0,399441.7,643279.609,66267.0,31431.9,37203.0,25626.0,84842.8,83019.5,71677.5,159901.9,3683.949,1093.998,49836.121,28696.019
2050,county,49,UTAH,,,49,UTAH,,,,,,,,,452292.1,1234374.708,2.729,566090.3,98664.3,63371.0,404055.0,651172.276,67057.2,31607.1,37629.0,25742.0,86221.8,84140.5,72419.7,161273.0,3678.861,1105.0,50964.007,29334.022
2051,county,49,UTAH,,,49,UTAH,,,,,,,,,461575.7,1254809.131,2.719,571577.0,99526.7,63894.0,408156.3,658451.998,67788.4,31738.3,38068.0,25826.0,87399.8,85203.5,73094.9,162458.1,3671.975,1113.999,52116.015,29972.995
2052,county,49,UTAH,,,49,UTAH,,,,,,,,,470770.3,1274673.567,2.708,576960.6,100396.0,64389.0,412175.6,665655.597,68519.6,31876.4,38473.0,25916.0,88428.8,86309.5,73797.1,163640.2,3662.996,1122.999,53291.003,30617.973
2053,county,49,UTAH,,,49,UTAH,,,,,,,,,479915.9,1294109.949,2.697,582487.2,101307.3,64879.0,416300.9,673075.178,69279.8,32027.5,38838.0,26041.0,89288.8,87465.5,74554.3,164992.3,3655.989,1135.0,54530.0,31267.003
2054,county,49,UTAH,,,49,UTAH,,,,,,,,,489067.5,1313321.427,2.685,587896.8,102193.6,65326.0,420377.2,680449.798,70036.0,32157.6,39174.0,26152.0,90130.8,88654.5,75343.5,166248.4,3647.054,1142.998,55843.986,31918.991
2055,county,49,UTAH,,,49,UTAH,,,,,,,,,498251.1,1332413.821,2.674,593316.4,103121.9,65771.0,424423.5,687931.409,70816.2,32305.7,39484.0,26287.0,90903.8,89825.5,76111.7,167582.5,3637.084,1145.998,57237.019,32594.976
2056,county,49,UTAH,,,49,UTAH,,,,,,,,,507453.7,1351393.233,2.663,598834.1,103914.3,66213.0,428706.8,695148.104,71483.4,32430.9,39754.0,26459.0,91681.8,90965.5,76963.9,169095.6,3628.055,1138.999,58300.98,33246.015
2057,county,49,UTAH,,,49,UTAH,,,,,,,,,513555.3,1370237.623,2.668,604140.8,104621.7,66663.0,432856.1,701917.799,72094.6,32527.1,40057.0,26606.0,92551.8,92037.5,77752.1,170514.7,3619.951,1119.001,59134.995,33902.989
2058,county,49,UTAH,,,49,UTAH,,,,,,,,,514420.9,1388929.967,2.7,609531.4,105366.1,67128.0,437037.3,708655.396,72726.8,32639.3,40371.0,26757.0,93469.8,93052.5,78570.2,171944.8,3608.909,1100.0,59871.999,34543.03
2059,county,49,UTAH,,,49,UTAH,,,,,,,,,516353.5,1407550.281,2.726,614850.9,106135.4,67603.0,441112.5,715274.904,73374.9,32760.5,40690.0,26913.0,94402.8,93991.5,79332.3,173385.9,3600.099,1086.0,60542.01,35196.034
2060,county,49,UTAH,,,49,UTAH,,,,,,,,,517409.1,1426201.531,2.756,620120.5,106917.8,68085.0,445117.7,721819.498,74021.1,32896.7,41016.0,27069.0,95334.8,94870.5,80064.4,174848.0,3589.051,1079.0,61175.983,35854.892
2061,county,49,UTAH,,,49,UTAH,,,,,,,,,517579.0,1444891.988,2.792,625247.0,107737.0,68544.0,448966.0,728194.015,74699.0,33038.0,41335.0,27209.0,96203.0,95716.0,80789.0,176258.0,3579.98,1073.998,61770.985,36522.028
2062,county,49,UTAH,,,49,UTAH,,,,,,,,,518604.0,1463596.01,2.822,630350.0,108574.0,69002.0,452774.0,734501.023,75399.0,33175.0,41655.0,27347.0,97023.0,96576.0,81514.0,177661.0,3569.963,1071.0,62336.974,37173.016
2063,county,49,UTAH,,,49,UTAH,,,,,,,,,519524.0,1482308.013,2.853,635376.0,109417.0,69451.0,456508.0,740716.009,76102.0,33315.0,41966.0,27485.0,97803.0,97435.0,82236.0,179034.0,3560.054,1068.0,62889.005,37822.985
2064,county,49,UTAH,,,49,UTAH,,,,,,,,,519972.0,1501043.993,2.887,640313.0,110261.0,69894.0,460158.0,746850.0,76809.0,33452.0,42274.0,27620.0,98549.0,98291.0,82956.0,180362.0,3553.0719999999997,1066.002,63413.99,38504.003
2065,county,49,UTAH,,,49,UTAH,,,,,,,,,521109.0,1519819.997,2.917,645220.0,111112.0,70342.0,463766.0,752902.996,77519.0,33593.0,42584.0,27758.0,99264.0,99149.0,83674.0,181679.0,3542.94,1064.0,63923.992,39151.994
2023,county,57,WEBER,,,57,WEBER,,,,,,,,,94014.7,257526.136,2.739,144073.0,25092.0,29396.0,89585.0,160155.005,15636.0,9456.0,19151.0,10245.0,10690.0,26314.0,15628.0,36953.0,1558.989,210.0,10621.999,3690.999
2024,county,57,WEBER,,,57,WEBER,,,,,,,,,95201.9,258950.661,2.72,145616.0,25121.0,30671.0,89824.0,162245.0,15348.0,9773.0,20222.0,10449.0,9717.0,26981.0,15726.0,37400.0,1556.999,155.0,11230.0,3687.0
2025,county,57,WEBER,,,57,WEBER,,,,,,,,,96648.1,260667.487,2.697,147278.0,25099.0,31053.0,91126.0,164411.99,15349.0,9750.0,20455.0,10598.0,9774.0,27348.0,16293.0,37711.0,1542.016,154.0,11377.997,4059.995
2026,county,57,WEBER,,,57,WEBER,,,,,,,,,98060.3,262172.215,2.674,148191.0,25061.0,31125.0,92005.0,165526.003,15262.0,9799.0,20486.0,10639.0,9670.0,27487.0,16764.0,38084.0,1536.998,159.0,11496.0,4142.996
2027,county,57,WEBER,,,57,WEBER,,,,,,,,,99472.5,263612.536,2.65,149191.0,25142.0,31269.0,92780.0,166766.001,15344.0,9798.0,20548.0,10721.0,9565.0,27630.0,17169.0,38416.0,1527.003,162.0,11655.999,4229.994
2028,county,57,WEBER,,,57,WEBER,,,,,,,,,100898.7,265069.809,2.627,150061.0,25103.0,31338.0,93620.0,167945.013,15335.0,9768.0,20617.0,10721.0,9547.0,27726.0,17456.0,38891.0,1513.0049999999999,155.0,11902.012999999999,4314.028
2029,county,57,WEBER,,,57,WEBER,,,,,,,,,102347.9,266615.091,2.605,151247.0,25100.0,31554.0,94593.0,169490.002,15382.0,9718.0,20818.0,10736.0,9583.0,27843.0,17718.0,39449.0,1499.998,146.0,12187.01,4409.992
2030,county,57,WEBER,,,57,WEBER,,,,,,,,,103721.1,268295.118,2.587,152584.0,25134.0,31834.0,95616.0,171103.001,15509.0,9625.0,21108.0,10726.0,9627.0,28058.0,18021.0,39910.0,1486.989,144.0,12378.0,4510.002
2031,county,57,WEBER,,,57,WEBER,,,,,,,,,105244.3,270148.277,2.567,153484.0,25170.0,32118.0,96196.0,172188.99,15676.0,9494.0,21382.0,10736.0,9666.0,27958.0,18306.0,40266.0,1475.985,144.0,12492.002,4592.992
2032,county,57,WEBER,,,57,WEBER,,,,,,,,,106811.5,272192.358,2.548,154421.0,25171.0,32341.0,96909.0,173326.004,15781.0,9390.0,21614.0,10727.0,9701.0,27978.0,18567.0,40663.0,1464.0,151.0,12604.0,4685.971
2033,county,57,WEBER,,,57,WEBER,,,,,,,,,108417.7,274418.384,2.531,155551.0,25241.0,32534.0,97776.0,174724.001,15880.0,9361.0,21818.0,10716.0,9787.0,28023.0,18829.0,41137.0,1462.978,159.0,12775.007,4776.013
2034,county,57,WEBER,,,57,WEBER,,,,,,,,,110059.9,276791.351,2.515,157695.0,25654.0,32716.0,99325.0,177233.995,16001.0,9653.0,22002.0,10714.0,9931.0,28143.0,19165.0,42086.0,1459.9850000000001,166.0,13007.003,4905.986
2035,county,57,WEBER,,,57,WEBER,,,,,,,,,111718.1,279264.267,2.5,156683.0,25158.0,32718.0,98807.0,176309.997,15910.0,9248.0,22155.0,10563.0,10019.0,28140.0,19242.0,41406.0,1453.983,168.0,13066.002,4939.008
2036,county,57,WEBER,,,57,WEBER,,,,,,,,,113369.3,281799.169,2.486,157670.0,25252.0,32939.0,99479.0,177485.004,15979.0,9273.0,22450.0,10489.0,10142.0,28214.0,19434.0,41689.0,1447.977,167.0,13165.992,5034.005
2037,county,57,WEBER,,,57,WEBER,,,,,,,,,114923.5,284465.547,2.475,158931.0,25396.0,33198.0,100337.0,178884.986,16082.0,9314.0,22753.0,10445.0,10237.0,28330.0,19657.0,42113.0,1445.014,166.0,13212.001,5131.014
2038,county,57,WEBER,,,57,WEBER,,,,,,,,,116627.7,287267.322,2.463,160465.0,25553.0,33478.0,101434.0,180538.999,16218.0,9335.0,23026.0,10452.0,10345.0,28472.0,19922.0,42695.0,1441.004,166.0,13232.001,5235.002
2039,county,57,WEBER,,,57,WEBER,,,,,,,,,118349.9,290176.03,2.452,162023.0,25729.0,33743.0,102551.0,182233.002,16368.0,9361.0,23279.0,10464.0,10444.0,28650.0,20184.0,43273.0,1437.013,166.0,13258.996,5348.0
2040,county,57,WEBER,,,57,WEBER,,,,,,,,,120068.1,293134.713,2.441,163499.0,25886.0,33994.0,103619.0,183793.998,16506.0,9380.0,23518.0,10476.0,10538.0,28911.0,20435.0,43735.0,1431.0430000000001,166.0,13242.999,5455.01
2041,county,57,WEBER,,,57,WEBER,,,,,,,,,121771.4,296078.414,2.431,164789.0,26090.0,34193.0,104506.0,185154.006,16672.0,9418.0,23709.0,10484.0,10626.0,28970.0,20688.0,44222.0,1425.981,167.0,13216.001,5556.017
2042,county,57,WEBER,,,57,WEBER,,,,,,,,,123457.6,299017.096,2.422,166236.0,26245.0,34429.0,105562.0,186710.0,16812.0,9433.0,23911.0,10518.0,10758.0,29144.0,20940.0,44720.0,1420.979,169.0,13217.011,5666.976
2043,county,57,WEBER,,,57,WEBER,,,,,,,,,125135.8,301970.73099999997,2.413,167569.0,26442.0,34613.0,106514.0,188149.0,16972.0,9470.0,24065.0,10548.0,10867.0,29335.0,21153.0,45159.0,1414.993,171.0,13221.005,5772.987
2044,county,57,WEBER,,,57,WEBER,,,,,,,,,126832.0,304976.367,2.405,168961.0,26596.0,34802.0,107563.0,189640.998,17111.0,9485.0,24222.0,10580.0,10983.0,29534.0,21399.0,45647.0,1412.02,171.0,13217.995,5879.009
2045,county,57,WEBER,,,57,WEBER,,,,,,,,,128548.2,308052.961,2.396,170413.0,26782.0,35033.0,108598.0,191258.991,17271.0,9511.0,24424.0,10609.0,11104.0,29745.0,21656.0,46093.0,1407.011,170.0,13274.002,5994.989
2046,county,57,WEBER,,,57,WEBER,,,,,,,,,130159.4,311207.467,2.391,171887.0,26983.0,35273.0,109631.0,192986.995,17447.0,9536.0,24632.0,10641.0,11261.0,29958.0,21917.0,46495.0,1399.975,170.0,13412.982,6117.003
2047,county,57,WEBER,,,57,WEBER,,,,,,,,,131937.6,314108.157,2.381,173309.0,27166.0,35502.0,110641.0,194723.997,17616.0,9550.0,24834.0,10668.0,11434.0,30178.0,22175.0,46854.0,1394.981,171.0,13614.009,6234.995
2048,county,57,WEBER,,,57,WEBER,,,,,,,,,133740.8,317375.752,2.373,174745.0,27371.0,35741.0,111633.0,196547.999,17791.0,9580.0,25046.0,10695.0,11630.0,30401.0,22424.0,47178.0,1391.0049999999999,173.0,13875.999,6362.999
2049,county,57,WEBER,,,57,WEBER,,,,,,,,,135560.0,320656.336,2.365,176175.0,27605.0,35979.0,112591.0,198402.999,17984.0,9621.0,25264.0,10715.0,11822.0,30622.0,22665.0,47482.0,1384.005,176.0,14179.993,6487.993
2050,county,57,WEBER,,,57,WEBER,,,,,,,,,137390.2,323910.829,2.358,177725.0,27827.0,36222.0,113676.0,200406.991,18169.0,9658.0,25484.0,10738.0,11997.0,30965.0,22913.0,47801.0,1378.019,178.0,14506.994,6619.0
2051,county,57,WEBER,,,57,WEBER,,,,,,,,,139208.4,327086.339,2.35,178734.0,28015.0,36466.0,114253.0,201837.002,18333.0,9682.0,25715.0,10751.0,12125.0,31039.0,23097.0,47992.0,1371.002,178.0,14815.003,6739.008
2052,county,57,WEBER,,,57,WEBER,,,,,,,,,141010.6,330163.814,2.341,180013.0,28248.0,36696.0,115069.0,203567.0,18527.0,9721.0,25929.0,10767.0,12247.0,31248.0,23312.0,48262.0,1362.974,180.0,15151.996,6858.984
2053,county,57,WEBER,,,57,WEBER,,,,,,,,,142809.8,333164.326,2.333,181188.0,28434.0,36890.0,115864.0,205196.998,18684.0,9750.0,26102.0,10788.0,12332.0,31465.0,23514.0,48553.0,1356.9859999999999,182.0,15487.995,6982.003
2054,county,57,WEBER,,,57,WEBER,,,,,,,,,144611.0,336116.867,2.324,182294.0,28612.0,37062.0,116620.0,206770.0,18839.0,9773.0,26258.0,10804.0,12416.0,31684.0,23708.0,48812.0,1351.022,184.0,15834.005,7107.004
2055,county,57,WEBER,,,57,WEBER,,,,,,,,,146426.2,339036.38,2.315,183345.0,28787.0,37214.0,117344.0,208294.002,18990.0,9797.0,26386.0,10828.0,12486.0,31891.0,23889.0,49078.0,1342.982,184.0,16189.992,7232.006
2056,county,57,WEBER,,,57,WEBER,,,,,,,,,148095.4,341926.837,2.309,184389.0,28910.0,37345.0,118134.0,209695.998,19103.0,9807.0,26485.0,10860.0,12539.0,32099.0,24116.0,49380.0,1336.978,182.0,16440.996,7347.012
2057,county,57,WEBER,,,57,WEBER,,,,,,,,,148045.6,344789.267,2.329,185360.0,29002.0,37488.0,118870.0,210956.0,19197.0,9805.0,26606.0,10882.0,12613.0,32295.0,24324.0,49638.0,1329.986,179.0,16624.996,7461.9839999999995
2058,county,57,WEBER,,,57,WEBER,,,,,,,,,148014.8,347618.729,2.349,186293.0,29086.0,37631.0,119576.0,212139.003,19285.0,9801.0,26729.0,10902.0,12687.0,32477.0,24535.0,49877.0,1324.0149999999999,176.0,16768.003,7578.004
2059,county,57,WEBER,,,57,WEBER,,,,,,,,,147980.0,350430.178,2.368,187177.0,29160.0,37772.0,120245.0,213235.998,19367.0,9793.0,26853.0,10919.0,12760.0,32651.0,24741.0,50093.0,1315.018,173.0,16882.994,7688.008
2060,county,57,WEBER,,,57,WEBER,,,,,,,,,147952.2,353240.645,2.388,188126.0,29223.0,37907.0,120996.0,214381.995,19439.0,9784.0,26973.0,10934.0,12831.0,32935.0,24936.0,50294.0,1307.0,172.0,16976.008,7801.002
2061,county,57,WEBER,,,57,WEBER,,,,,,,,,147896.0,356144.001,2.408,188813.0,29287.0,38052.0,121474.0,215239.001,19511.0,9776.0,27098.0,10954.0,12886.0,32943.0,25135.0,50510.0,1300.015,171.0,17050.997,7903.991
2062,county,57,WEBER,,,57,WEBER,,,,,,,,,147851.0,358960.997,2.428,189660.0,29360.0,38202.0,122098.0,216267.995,19590.0,9770.0,27230.0,10972.0,12953.0,33082.0,25327.0,50736.0,1292.977,171.0,17126.996,8016.975
2063,county,57,WEBER,,,57,WEBER,,,,,,,,,147808.0,361776.005,2.448,190511.0,29433.0,38356.0,122722.0,217289.998,19670.0,9763.0,27365.0,10991.0,13016.0,33222.0,25518.0,50966.0,1285.0,170.0,17193.002,8130.991
2064,county,57,WEBER,,,57,WEBER,,,,,,,,,147762.0,364591.005,2.467,191373.0,29508.0,38514.0,123351.0,218316.0,19753.0,9755.0,27504.0,11010.0,13079.0,33361.0,25707.0,51204.0,1278.989,170.0,17254.004,8240.004
2065,county,57,WEBER,,,57,WEBER,,,,,,,,,147711.0,367411.00800000003,2.487,192238.0,29588.0,38675.0,123975.0,219345.003,19839.0,9749.0,27646.0,11029.0,13138.0,33500.0,25893.0,51444.0,1272.0040000000001,169.0,17312.001,8353.997
